,username,account_age,karma,loan_amount,repay_amount,percentage,composite_percentile,post_title
0,BradleytheRage,3965,8931,$60,70,1.1666666666666667,0.633177645993143,"[REQ] - ($60) (#Chicago, IL, USA) (will repay $70 11/11/22) (cashapp, Venmo, zelle, paypal)"
1,Instance-Bubbly,712,2409,$100,120,1.2,0.8067871034385204,"[REQ] ($100) - (#Cincinnati, Ohio, USA) (Repay $120 on 11/14/2022) (Cashapp, PayPal, Chime)"
2,TheRealRowsdower,3638,2717,$200,235,1.175,0.6653621554069894,"[REQ] ($200) - (#Roanoke, TX, USA) (repay $235 by 11/11/22) (PayPal)"
3,BrooklynLou7,1945,9482,$250,300,1.2,0.6924375660130283,"[REQ]($250)(#Brooklyn, NY, USA)(Repay $300, weekly installments)(Venmo, CashApp, PayPal)"
4,mrchandlerbong,1122,1556,$50,60,1.2,0.7863392821613329,"[REQ] ($50) (#Pittsburgh, PA, USA) (Repay $60 11/15/2022) (Paypal, Venmo, CashApp)"
5,akotosinato,356,7782,$200,220,1.1,0.8038661472889875,"[REQ] ($200)-(#Navotas, Manila, Philippines), (Repay 220), (11/15/2022), (Paypal)"
6,_imafixwolves,1703,28784,$150,170,1.1333333333333333,0.5524287606364658,"[REQ] ($150) - (#Providence, RI, USA) (repay $170 by 8/6/21) (PayPal, Venmo, Cashapp, Apple Pay)"
7,Janetceferina,832,9428,$50,60,1.2,0.7539818376469248,"[REQ] ($50) (#Billings, MT, USA) ( Repay $60 on 11/10) (PayPal)"
8,SnooTigers7441,800,1019,$135,170,1.2592592592592593,0.8053065371656096,"[REQ] ($135) (#Denver,CO,USA)(Repay $170 on 11/22/22) (PayPal,Cashapp)"
9,jdbuffs1,1720,5334,$25,30,1.2,0.7397774831904481,"[REQ] ($25) (#Eau Claire, WI, USA) (Repay $30 by 11/25/22) (Venmo, PayPal, ApplePay)"
10,Cheap-Shame,960,7325,$40,50,1.25,0.7612381694522464,"[REQ] ($40)-(#Wilmington,DE,USA) (11/11) ($50) (Cashapp, PayPal)"
11,WaveB,3284,21925,$150,180,1.2,0.5348158583970156,"[REQ] ($150) (#Montreal, QC, Canada) (Repay 180$ on November 24th, 2022) (PayPal/Wise/e-Transfer)"
