username,comment_karma,post_karma,account_age_days
aw337123,679,1169,909
brenden481,2888,162,1095
trevorvalentine,7925,556,4439
SapoBullyFSK,2648,18683,1016
Fibonacci_11235813a,78575,4661,1118
westernmoron756,230,4195,1348
memome_,1627,192,1216
parisjenner,1372,349,2041
DanJBarnsley,4484,1963,1638
kittenmink,4454,6917,1933
thelefthandedsnake,793,1929,226
WaWaSmoothie,922,2102,818
BumbleBree916,3064,454,160
busterbluthOT,74635,3351,4012
ThroatReady4U,149,2728,996
ManaBurst,3022,36,1620
stickyickydoja,1832,995,664
lil_baphomet666,1600,16,1698
Haunting_Paper_9410,1538,24,423
Unusual_Conclusion19,14143,120,448
 Old-Specific3276,4977,6,255
CherryDamsel,3997,1939,1136
MyNameIsBarryAllen,31930,29749,2902
2kool4reddit,989,217,1280
ASHIE-BABY,0,1,1961
DanJBarnsley,4484,1963,1630
CostaDePrata,1185,1114,220
Repeated_613,1488,152,2601
gardbard,1673,205,3593
slipnripMMA,978,1485,1648
Momofthree821,5747,2553,834
omnifeeder,12651,3091,2023
Young-Hung-8,385,721,304
